F1_Score,UAR,Accuracy,Split
0.07116837257079571,0.1166859391190167,0.09218907140462622,0
0.036270994442437934,0.08233066067678543,0.07246376811594203,1
0.01721498684796102,0.06025849034326902,0.03223487118034751,2
0.03235689328856136,0.052579616294552975,0.09809469911337483,3
0.06503732713491983,0.10666389422784543,0.17246596066565809,4
0.04440971485693517,0.08370372013229391,0.09348967409598974,Average
